<Anims>
 <anim name="idle1" root="staffs_akashia" numframes="250" framerate="40">
  <frame idx="0" w="126" h="327" x="31.393642" y="-84.085022">
   <element name="staff01_ground" layername="staf" frame="0" z_index="3" m_a="1.000000" m_b="0.000000" m_c="0.000000" m_d="1.000000" m_tx="0.893617" m_ty="0.914894"/>
  </frame>
  <frame idx="25" w="126" h="327" x="31.393642" y="-84.085022">
   <element name="staff01_ground" layername="staf" frame="0" z_index="3" m_a="1.000000" m_b="0.000000" m_c="0.000000" m_d="1.000000" m_tx="0.893617" m_ty="0.914894"/>
  </frame>
  <frame idx="50" w="126" h="327" x="31.393642" y="-84.085022">
   <element name="staff01_ground" layername="staf" frame="0" z_index="3" m_a="1.000000" m_b="0.000000" m_c="0.000000" m_d="1.000000" m_tx="0.893617" m_ty="0.914894"/>
  </frame>
  <frame idx="75" w="126" h="327" x="31.393642" y="-84.085022">
   <element name="staff01_ground" layername="staf" frame="0" z_index="3" m_a="1.000000" m_b="0.000000" m_c="0.000000" m_d="1.000000" m_tx="0.893617" m_ty="0.914894"/>
  </frame>
  <frame idx="100" w="126" h="327" x="31.393642" y="-84.085022">
   <element name="staff01_ground" layername="staf" frame="0" z_index="3" m_a="1.000000" m_b="0.000000" m_c="0.000000" m_d="1.000000" m_tx="0.893617" m_ty="0.914894"/>
  </frame>
  <frame idx="125" w="126" h="327" x="31.393642" y="-84.085022">
   <element name="staff01_ground" layername="staf" frame="0" z_index="3" m_a="1.000000" m_b="0.000000" m_c="0.000000" m_d="1.000000" m_tx="0.893617" m_ty="0.914894"/>
  </frame>
  <frame idx="150" w="126" h="327" x="31.393642" y="-84.085022">
   <element name="staff01_ground" layername="staf" frame="0" z_index="3" m_a="1.000000" m_b="0.000000" m_c="0.000000" m_d="1.000000" m_tx="0.893617" m_ty="0.914894"/>
  </frame>
  <frame idx="175" w="126" h="327" x="31.393642" y="-84.085022">
   <element name="staff01_ground" layername="staf" frame="0" z_index="3" m_a="1.000000" m_b="0.000000" m_c="0.000000" m_d="1.000000" m_tx="0.893617" m_ty="0.914894"/>
  </frame>
  <frame idx="200" w="126" h="327" x="31.393642" y="-84.085022">
   <element name="staff01_ground" layername="staf" frame="0" z_index="3" m_a="1.000000" m_b="0.000000" m_c="0.000000" m_d="1.000000" m_tx="0.893617" m_ty="0.914894"/>
  </frame>
  <frame idx="225" w="126" h="327" x="31.393642" y="-84.085022">
   <element name="staff01_ground" layername="staf" frame="0" z_index="3" m_a="1.000000" m_b="0.000000" m_c="0.000000" m_d="1.000000" m_tx="0.893617" m_ty="0.914894"/>
  </frame>
 </anim>
 <anim name="idle2" root="staffs_akashia" numframes="250" framerate="40">
  <frame idx="0" w="158" h="327" x="55.272774" y="-86.242493">
   <element name="staff02_ground" layername="staf" frame="0" z_index="3" m_a="1.000000" m_b="0.000000" m_c="0.000000" m_d="1.000000" m_tx="2.272727" m_ty="0.757576"/>
  </frame>
  <frame idx="25" w="158" h="327" x="55.272774" y="-86.242493">
   <element name="staff02_ground" layername="staf" frame="0" z_index="3" m_a="1.000000" m_b="0.000000" m_c="0.000000" m_d="1.000000" m_tx="2.272727" m_ty="0.757576"/>
  </frame>
  <frame idx="50" w="158" h="327" x="55.272774" y="-86.242493">
   <element name="staff02_ground" layername="staf" frame="0" z_index="3" m_a="1.000000" m_b="0.000000" m_c="0.000000" m_d="1.000000" m_tx="2.272727" m_ty="0.757576"/>
  </frame>
  <frame idx="75" w="158" h="327" x="55.272774" y="-86.242493">
   <element name="staff02_ground" layername="staf" frame="0" z_index="3" m_a="1.000000" m_b="0.000000" m_c="0.000000" m_d="1.000000" m_tx="2.272727" m_ty="0.757576"/>
  </frame>
  <frame idx="100" w="158" h="327" x="55.272774" y="-86.242493">
   <element name="staff02_ground" layername="staf" frame="0" z_index="3" m_a="1.000000" m_b="0.000000" m_c="0.000000" m_d="1.000000" m_tx="2.272727" m_ty="0.757576"/>
  </frame>
  <frame idx="125" w="158" h="327" x="55.272774" y="-86.242493">
   <element name="staff02_ground" layername="staf" frame="0" z_index="3" m_a="1.000000" m_b="0.000000" m_c="0.000000" m_d="1.000000" m_tx="2.272727" m_ty="0.757576"/>
  </frame>
  <frame idx="150" w="158" h="327" x="55.272774" y="-86.242493">
   <element name="staff02_ground" layername="staf" frame="0" z_index="3" m_a="1.000000" m_b="0.000000" m_c="0.000000" m_d="1.000000" m_tx="2.272727" m_ty="0.757576"/>
  </frame>
  <frame idx="175" w="158" h="327" x="55.272774" y="-86.242493">
   <element name="staff02_ground" layername="staf" frame="0" z_index="3" m_a="1.000000" m_b="0.000000" m_c="0.000000" m_d="1.000000" m_tx="2.272727" m_ty="0.757576"/>
  </frame>
  <frame idx="200" w="158" h="327" x="55.272774" y="-86.242493">
   <element name="staff02_ground" layername="staf" frame="0" z_index="3" m_a="1.000000" m_b="0.000000" m_c="0.000000" m_d="1.000000" m_tx="2.272727" m_ty="0.757576"/>
  </frame>
  <frame idx="225" w="158" h="327" x="55.272774" y="-86.242493">
   <element name="staff02_ground" layername="staf" frame="0" z_index="3" m_a="1.000000" m_b="0.000000" m_c="0.000000" m_d="1.000000" m_tx="2.272727" m_ty="0.757576"/>
  </frame>
 </anim>
 <anim name="idle3" root="staffs_akashia" numframes="250" framerate="40">
  <frame idx="0" w="151" h="316" x="53.000019" y="-81.499969">
   <element name="staff03_ground" layername="staf" frame="0" z_index="3" m_a="1.000000" m_b="0.000000" m_c="0.000000" m_d="1.000000" m_tx="3.000000" m_ty="3.000000"/>
  </frame>
  <frame idx="25" w="151" h="316" x="53.000019" y="-81.499969">
   <element name="staff03_ground" layername="staf" frame="0" z_index="3" m_a="1.000000" m_b="0.000000" m_c="0.000000" m_d="1.000000" m_tx="3.000000" m_ty="3.000000"/>
  </frame>
  <frame idx="50" w="151" h="316" x="53.000019" y="-81.499969">
   <element name="staff03_ground" layername="staf" frame="0" z_index="3" m_a="1.000000" m_b="0.000000" m_c="0.000000" m_d="1.000000" m_tx="3.000000" m_ty="3.000000"/>
  </frame>
  <frame idx="75" w="151" h="316" x="53.000019" y="-81.499969">
   <element name="staff03_ground" layername="staf" frame="0" z_index="3" m_a="1.000000" m_b="0.000000" m_c="0.000000" m_d="1.000000" m_tx="3.000000" m_ty="3.000000"/>
  </frame>
  <frame idx="100" w="151" h="316" x="53.000019" y="-81.499969">
   <element name="staff03_ground" layername="staf" frame="0" z_index="3" m_a="1.000000" m_b="0.000000" m_c="0.000000" m_d="1.000000" m_tx="3.000000" m_ty="3.000000"/>
  </frame>
  <frame idx="125" w="151" h="316" x="53.000019" y="-81.499969">
   <element name="staff03_ground" layername="staf" frame="0" z_index="3" m_a="1.000000" m_b="0.000000" m_c="0.000000" m_d="1.000000" m_tx="3.000000" m_ty="3.000000"/>
  </frame>
  <frame idx="150" w="151" h="316" x="53.000019" y="-81.499969">
   <element name="staff03_ground" layername="staf" frame="0" z_index="3" m_a="1.000000" m_b="0.000000" m_c="0.000000" m_d="1.000000" m_tx="3.000000" m_ty="3.000000"/>
  </frame>
  <frame idx="175" w="151" h="316" x="53.000019" y="-81.499969">
   <element name="staff03_ground" layername="staf" frame="0" z_index="3" m_a="1.000000" m_b="0.000000" m_c="0.000000" m_d="1.000000" m_tx="3.000000" m_ty="3.000000"/>
  </frame>
  <frame idx="200" w="151" h="316" x="53.000019" y="-81.499969">
   <element name="staff03_ground" layername="staf" frame="0" z_index="3" m_a="1.000000" m_b="0.000000" m_c="0.000000" m_d="1.000000" m_tx="3.000000" m_ty="3.000000"/>
  </frame>
  <frame idx="225" w="151" h="316" x="53.000019" y="-81.499969">
   <element name="staff03_ground" layername="staf" frame="0" z_index="3" m_a="1.000000" m_b="0.000000" m_c="0.000000" m_d="1.000000" m_tx="3.000000" m_ty="3.000000"/>
  </frame>
 </anim>
</Anims>
